ip,port,protocol,address,country,country_code,city,anonymity,speed_ms,speed_tier,is_alive,last_checked,org,source
192.252.214.17,4145,socks5,192.252.214.17:4145,United States,US,Atlanta,elite,365.65,fast,True,2026-03-16 13:38:52 UTC,Performive LLC,HookZOf SOCKS5
192.111.135.18,18301,socks5,192.111.135.18:18301,United States,US,Atlanta,elite,365.75,fast,True,2026-03-16 13:37:46 UTC,Assima Inc,TheSpeedX SOCKS5
192.111.138.29,4145,socks5,192.111.138.29:4145,United States,US,Atlanta,elite,370.03,fast,True,2026-03-16 13:37:35 UTC,CreeperHost LTD,TheSpeedX SOCKS5
184.170.248.5,4145,socks5,184.170.248.5:4145,United States,US,Atlanta,elite,381.84,fast,True,2026-03-16 13:37:46 UTC,Performive LLC,TheSpeedX SOCKS5
192.252.216.86,4145,socks5,192.252.216.86:4145,United States,US,Atlanta,elite,383.59,fast,True,2026-03-16 13:38:52 UTC,Performive LLC,HookZOf SOCKS5
198.177.254.131,4145,socks5,198.177.254.131:4145,United States,US,Atlanta,elite,392.31,fast,True,2026-03-16 13:38:52 UTC,"Allerion, Inc.",HookZOf SOCKS5
184.170.251.30,11288,socks5,184.170.251.30:11288,United States,US,Atlanta,elite,395.97,fast,True,2026-03-16 13:38:52 UTC,Performive LLC,HookZOf SOCKS5
192.252.210.233,4145,socks5,192.252.210.233:4145,United Kingdom,GB,London,elite,398.31,fast,True,2026-03-16 13:38:52 UTC,Performive LLC,HookZOf SOCKS5
192.252.211.197,14921,socks5,192.252.211.197:14921,United States,US,Atlanta,elite,402.72,fast,True,2026-03-16 13:37:35 UTC,Performive LLC,TheSpeedX SOCKS5
192.252.209.158,4145,socks5,192.252.209.158:4145,United States,US,Atlanta,elite,405.19,fast,True,2026-03-16 13:38:52 UTC,Performive LLC,HookZOf SOCKS5
199.58.184.97,4145,socks5,199.58.184.97:4145,United States,US,Atlanta,elite,409.78,fast,True,2026-03-16 13:37:57 UTC,Performive LLC,TheSpeedX SOCKS5
192.252.214.20,15864,socks5,192.252.214.20:15864,United States,US,Atlanta,elite,441.95,fast,True,2026-03-16 13:38:08 UTC,Performive LLC,TheSpeedX SOCKS5
192.111.137.37,18762,socks5,192.111.137.37:18762,United States,US,Atlanta,elite,457.97,fast,True,2026-03-16 13:37:46 UTC,Sharktek Consulting LLC,TheSpeedX SOCKS5
142.54.237.38,4145,socks5,142.54.237.38:4145,United States,US,Los Angeles,elite,460.84,fast,True,2026-03-16 13:38:52 UTC,Performive LLC,HookZOf SOCKS5
199.58.185.9,4145,socks5,199.58.185.9:4145,United States,US,Atlanta,elite,471.27,fast,True,2026-03-16 13:38:30 UTC,Performive LLC,TheSpeedX SOCKS5
199.102.107.145,4145,socks5,199.102.107.145:4145,United States,US,Beverly Hills,elite,475.38,fast,True,2026-03-16 13:37:46 UTC,ZeroLag Communications,TheSpeedX SOCKS5
74.119.144.60,4145,socks5,74.119.144.60:4145,United States,US,Atlanta,elite,477.98,fast,True,2026-03-16 13:37:35 UTC,ThePrimeHost - COLO@,TheSpeedX SOCKS5
68.71.243.14,4145,socks5,68.71.243.14:4145,United States,US,Beverly Hills,elite,479.63,fast,True,2026-03-16 13:38:52 UTC,ZeroLag Communications,HookZOf SOCKS5
98.191.0.47,4145,socks5,98.191.0.47:4145,United States,US,Roanoke,elite,484.53,fast,True,2026-03-16 13:38:52 UTC,Cox Communications Inc,HookZOf SOCKS5
98.175.31.222,4145,socks5,98.175.31.222:4145,United States,US,Norfolk,elite,487.37,fast,True,2026-03-16 13:38:08 UTC,Cox Communications Inc,TheSpeedX SOCKS5
74.119.147.209,4145,socks5,74.119.147.209:4145,United States,US,Atlanta,elite,488.26,fast,True,2026-03-16 13:37:57 UTC,ThePrimeHost - COLO@,TheSpeedX SOCKS5
68.71.242.118,4145,socks5,68.71.242.118:4145,United States,US,Beverly Hills,elite,489.43,fast,True,2026-03-16 13:38:52 UTC,ZeroLag Communications,HookZOf SOCKS5
192.252.208.67,14287,socks5,192.252.208.67:14287,United States,US,Atlanta,elite,490.57,fast,True,2026-03-16 13:38:30 UTC,Performive LLC,TheSpeedX SOCKS5
68.71.240.210,4145,socks5,68.71.240.210:4145,United States,US,Beverly Hills,elite,497.69,fast,True,2026-03-16 13:38:52 UTC,ZeroLag Communications,HookZOf SOCKS5
67.201.58.190,4145,socks5,67.201.58.190:4145,United States,US,Tulsa,elite,500.82,fast,True,2026-03-16 13:38:52 UTC,"Straxis, LLC",HookZOf SOCKS5
72.207.33.64,4145,socks5,72.207.33.64:4145,United States,US,Chula Vista,elite,503.45,fast,True,2026-03-16 13:38:52 UTC,Cox Communications,HookZOf SOCKS5
184.170.245.148,4145,socks5,184.170.245.148:4145,United States,US,Atlanta,elite,511.69,fast,True,2026-03-16 13:37:57 UTC,Performive LLC,TheSpeedX SOCKS5
104.200.135.46,4145,socks5,104.200.135.46:4145,United States,US,Los Angeles,elite,514.99,fast,True,2026-03-16 13:38:19 UTC,Total Server Solutions L.L.C.,TheSpeedX SOCKS5
107.181.161.81,4145,socks5,107.181.161.81:4145,United States,US,Los Angeles,elite,521.68,fast,True,2026-03-16 13:37:35 UTC,Total Server Solutions L.L.C,TheSpeedX SOCKS5
98.188.47.132,4145,socks5,98.188.47.132:4145,United States,US,Pensacola,elite,523.19,fast,True,2026-03-16 13:37:46 UTC,Cox Communications,TheSpeedX SOCKS5
192.111.130.2,4145,socks5,192.111.130.2:4145,United States,US,Atlanta,elite,532.56,fast,True,2026-03-16 13:38:08 UTC,Total Server Solutions L.L.C.,TheSpeedX SOCKS5
208.65.90.3,4145,socks5,208.65.90.3:4145,United States,US,Duluth,elite,536.03,fast,True,2026-03-16 13:38:52 UTC,NET2ATLANTA.COM LLC,HookZOf SOCKS5
72.214.108.67,4145,socks5,72.214.108.67:4145,United States,US,East Irvine,elite,536.69,fast,True,2026-03-16 13:38:52 UTC,Intelenet Communications,HookZOf SOCKS5
104.37.135.145,4145,socks5,104.37.135.145:4145,United States,US,Los Angeles,elite,543.14,fast,True,2026-03-16 13:38:30 UTC,Performive LLC,TheSpeedX SOCKS5
98.170.57.249,4145,socks5,98.170.57.249:4145,United States,US,Atlanta,elite,543.67,fast,True,2026-03-16 13:37:35 UTC,Cox Communications,TheSpeedX SOCKS5
174.77.111.197,4145,socks5,174.77.111.197:4145,United States,US,Pensacola,elite,543.88,fast,True,2026-03-16 13:38:30 UTC,Cox Communications,TheSpeedX SOCKS5
68.71.247.130,4145,socks5,68.71.247.130:4145,United States,US,Los Angeles,elite,544.81,fast,True,2026-03-16 13:38:30 UTC,Wonderwall.com,TheSpeedX SOCKS5
98.190.239.3,4145,socks5,98.190.239.3:4145,United States,US,Tulsa,elite,547.04,fast,True,2026-03-16 13:38:52 UTC,IdeaTek,HookZOf SOCKS5
98.181.137.83,4145,socks5,98.181.137.83:4145,United States,US,North Las Vegas,elite,552.46,fast,True,2026-03-16 13:38:41 UTC,Cox Communications Inc.,TheSpeedX SOCKS5
192.111.130.5,17002,socks5,192.111.130.5:17002,United States,US,Atlanta,elite,552.79,fast,True,2026-03-16 13:38:08 UTC,Total Server Solutions L.L.C.,TheSpeedX SOCKS5
142.54.237.34,4145,socks5,142.54.237.34:4145,United States,US,Los Angeles,elite,555.31,fast,True,2026-03-16 13:38:19 UTC,Performive LLC,TheSpeedX SOCKS5
67.201.35.145,4145,socks5,67.201.35.145:4145,United States,US,El Segundo,elite,557.94,fast,True,2026-03-16 13:37:35 UTC,Total server solutions,TheSpeedX SOCKS5
184.181.217.213,4145,socks5,184.181.217.213:4145,United States,US,Pensacola,elite,557.95,fast,True,2026-03-16 13:38:41 UTC,Cox Communications,TheSpeedX SOCKS5
192.252.215.5,16137,socks5,192.252.215.5:16137,United States,US,Atlanta,elite,559.18,fast,True,2026-03-16 13:37:35 UTC,Performive LLC,TheSpeedX SOCKS5
67.201.33.10,25283,socks5,67.201.33.10:25283,United States,US,Florence-Graham,elite,570.31,fast,True,2026-03-16 13:38:08 UTC,Total server solutions,TheSpeedX SOCKS5
178.130.47.15,8080,socks5,178.130.47.15:8080,United States,US,Phoenix,elite,574.36,fast,True,2026-03-16 13:38:52 UTC,Global Connectivity Solutions LLP,MoNoSplit SOCKS5
142.54.239.1,4145,socks5,142.54.239.1:4145,United States,US,Los Angeles,elite,593.37,fast,True,2026-03-16 13:38:19 UTC,Performive LLC,TheSpeedX SOCKS5
199.102.106.94,4145,socks5,199.102.106.94:4145,United States,US,Beverly Hills,elite,599.08,fast,True,2026-03-16 13:37:46 UTC,ZeroLag Communications,TheSpeedX SOCKS5
198.177.254.157,4145,socks5,198.177.254.157:4145,United States,US,Atlanta,elite,600.64,fast,True,2026-03-16 13:38:52 UTC,"Allerion, Inc.",HookZOf SOCKS5
192.111.129.150,4145,socks5,192.111.129.150:4145,United States,US,Atlanta,elite,605.31,fast,True,2026-03-16 13:38:52 UTC,Total Server Solutions L.L.C.,HookZOf SOCKS5
184.181.217.206,4145,socks5,184.181.217.206:4145,United States,US,Pensacola,elite,610.5,fast,True,2026-03-16 13:38:19 UTC,Cox Communications,TheSpeedX SOCKS5
184.178.172.25,15291,socks5,184.178.172.25:15291,United States,US,Roanoke,elite,613.09,fast,True,2026-03-16 13:38:30 UTC,Cox Communications Inc.,TheSpeedX SOCKS5
142.54.229.249,4145,socks5,142.54.229.249:4145,United States,US,Los Angeles,elite,615.22,fast,True,2026-03-16 13:37:46 UTC,Performive LLC,TheSpeedX SOCKS5
107.152.98.5,4145,socks5,107.152.98.5:4145,United States,US,Los Angeles,elite,616.88,fast,True,2026-03-16 13:37:46 UTC,Performive LLC,TheSpeedX SOCKS5
72.195.34.60,27391,socks5,72.195.34.60:27391,United States,US,Irvine,elite,620.18,fast,True,2026-03-16 13:38:08 UTC,Cox Communications,TheSpeedX SOCKS5
142.54.226.214,4145,socks5,142.54.226.214:4145,United States,US,Beverly Hills,elite,624.84,fast,True,2026-03-16 13:37:35 UTC,ZeroLag Communications,TheSpeedX SOCKS5
192.252.209.155,14455,socks5,192.252.209.155:14455,United States,US,Atlanta,elite,625.04,fast,True,2026-03-16 13:37:57 UTC,Performive LLC,TheSpeedX SOCKS5
72.195.34.58,4145,socks5,72.195.34.58:4145,United States,US,Irvine,elite,635.31,fast,True,2026-03-16 13:37:57 UTC,Cox Communications,TheSpeedX SOCKS5
184.182.240.211,4145,socks5,184.182.240.211:4145,United States,US,Macon,elite,636.74,fast,True,2026-03-16 13:38:52 UTC,Cox Communications Inc.,HookZOf SOCKS5
184.178.172.14,4145,socks5,184.178.172.14:4145,United States,US,Roanoke,elite,637.73,fast,True,2026-03-16 13:37:57 UTC,Cox Communications Inc.,TheSpeedX SOCKS5
72.195.114.169,4145,socks5,72.195.114.169:4145,United States,US,Irvine,elite,642.45,fast,True,2026-03-16 13:37:46 UTC,Cox Communications,TheSpeedX SOCKS5
206.123.156.206,9728,socks5,206.123.156.206:9728,United Kingdom,GB,City of London,elite,646.06,fast,True,2026-03-16 13:38:52 UTC,Secure Internet LLC,MoNoSplit SOCKS5
198.8.84.3,4145,socks5,198.8.84.3:4145,United States,US,Los Angeles,elite,654.73,fast,True,2026-03-16 13:38:19 UTC,Total Server Solutions L.L.C,TheSpeedX SOCKS5
72.223.188.67,4145,socks5,72.223.188.67:4145,United States,US,Chicago,elite,654.79,fast,True,2026-03-16 13:38:52 UTC,Cox Communications Inc.,HookZOf SOCKS5
184.178.172.5,15303,socks5,184.178.172.5:15303,United States,US,Roanoke,elite,657.49,fast,True,2026-03-16 13:38:19 UTC,Cox Communications Inc.,TheSpeedX SOCKS5
98.178.72.30,4145,socks5,98.178.72.30:4145,United States,US,Ashburn,elite,670.26,fast,True,2026-03-16 13:38:52 UTC,Cox Communications,HookZOf SOCKS5
72.195.34.41,4145,socks5,72.195.34.41:4145,United States,US,Irvine,elite,687.29,fast,True,2026-03-16 13:37:57 UTC,Cox Communications,TheSpeedX SOCKS5
192.111.134.10,4145,socks5,192.111.134.10:4145,United States,US,Los Angeles,elite,687.68,fast,True,2026-03-16 13:38:52 UTC,Total Server Solutions L.L.C,TheSpeedX SOCKS5
192.252.220.92,17328,socks5,192.252.220.92:17328,United States,US,Los Angeles,elite,688.23,fast,True,2026-03-16 13:37:46 UTC,Total Server Solutions L.L.C,TheSpeedX SOCKS5
68.71.241.33,4145,socks5,68.71.241.33:4145,United States,US,Santa Ana,elite,688.68,fast,True,2026-03-16 13:38:52 UTC,Practice Technologies,HookZOf SOCKS5
98.178.72.21,10919,socks5,98.178.72.21:10919,United States,US,Ashburn,elite,699.49,fast,True,2026-03-16 13:37:57 UTC,Cox Communications,TheSpeedX SOCKS5
192.111.139.163,19404,socks5,192.111.139.163:19404,United States,US,Atlanta,elite,708.42,fast,True,2026-03-16 13:38:41 UTC,Total Server Solutions L.L.C.,TheSpeedX SOCKS5
104.200.152.30,4145,socks5,104.200.152.30:4145,United States,US,Los Angeles,elite,709.55,fast,True,2026-03-16 13:38:08 UTC,Total Server Solutions L.L.C.,TheSpeedX SOCKS5
142.54.235.9,4145,socks5,142.54.235.9:4145,United States,US,Los Angeles,elite,712.5,fast,True,2026-03-16 13:38:30 UTC,Performive LLC,TheSpeedX SOCKS5
192.252.220.89,4145,socks5,192.252.220.89:4145,United States,US,Los Angeles,elite,714.05,fast,True,2026-03-16 13:38:52 UTC,Total Server Solutions L.L.C,HookZOf SOCKS5
68.71.254.6,4145,socks5,68.71.254.6:4145,United States,US,Beverly Hills,elite,714.77,fast,True,2026-03-16 13:37:35 UTC,"Zerolag Communications, Inc",TheSpeedX SOCKS5
192.252.216.81,4145,socks5,192.252.216.81:4145,United States,US,Atlanta,elite,719.11,fast,True,2026-03-16 13:37:46 UTC,Performive LLC,TheSpeedX SOCKS5
192.111.135.17,18302,socks5,192.111.135.17:18302,United States,US,Atlanta,elite,720.94,fast,True,2026-03-16 13:38:41 UTC,Assima Inc,TheSpeedX SOCKS5
192.104.242.158,4145,socks5,192.104.242.158:4145,United States,US,Atlanta,elite,722.59,fast,True,2026-03-16 13:38:52 UTC,,HookZOf SOCKS5
206.220.175.2,4145,socks5,206.220.175.2:4145,United States,US,Los Angeles,elite,731.69,fast,True,2026-03-16 13:37:46 UTC,Total Server Solutions,TheSpeedX SOCKS5
142.54.231.38,4145,socks5,142.54.231.38:4145,United States,US,Los Angeles,elite,739.27,fast,True,2026-03-16 13:38:19 UTC,Performive LLC,TheSpeedX SOCKS5
184.178.172.3,4145,socks5,184.178.172.3:4145,United States,US,Roanoke,elite,739.68,fast,True,2026-03-16 13:37:46 UTC,Cox Communications Inc.,TheSpeedX SOCKS5
24.249.199.4,4145,socks5,24.249.199.4:4145,United States,US,San Diego,elite,740.91,fast,True,2026-03-16 13:38:08 UTC,Cox Communications,TheSpeedX SOCKS5
72.195.101.99,4145,socks5,72.195.101.99:4145,United States,US,Irvine,elite,746.35,fast,True,2026-03-16 13:38:52 UTC,Cox Communications,HookZOf SOCKS5
72.56.75.67,1080,socks5,72.56.75.67:1080,Netherlands,NL,Amsterdam,elite,751.88,fast,True,2026-03-16 13:38:52 UTC,"Timeweb, LLP",MoNoSplit SOCKS5
199.102.104.70,4145,socks5,199.102.104.70:4145,United States,US,Beverly Hills,elite,754.03,fast,True,2026-03-16 13:37:57 UTC,ZeroLag Communications,TheSpeedX SOCKS5
199.187.210.54,4145,socks5,199.187.210.54:4145,United States,US,Los Angeles,elite,757.98,fast,True,2026-03-16 13:38:52 UTC,Total Server Solutions L.L.C,HookZOf SOCKS5
184.182.240.12,4145,socks5,184.182.240.12:4145,United States,US,Macon,elite,765.38,fast,True,2026-03-16 13:38:52 UTC,Cox Communications Inc.,HookZOf SOCKS5
98.182.171.161,4145,socks5,98.182.171.161:4145,United States,US,Las Vegas,elite,768.11,fast,True,2026-03-16 13:38:52 UTC,Cox Communications Inc.,HookZOf SOCKS5
72.206.74.126,4145,socks5,72.206.74.126:4145,United States,US,Fairfax,elite,777.02,fast,True,2026-03-16 13:38:52 UTC,Amalga Systems Inc.,HookZOf SOCKS5
199.116.112.6,4145,socks5,199.116.112.6:4145,United States,US,Atlanta,elite,777.83,fast,True,2026-03-16 13:38:52 UTC,Divine Lighting,HookZOf SOCKS5
184.178.172.18,15280,socks5,184.178.172.18:15280,United States,US,Roanoke,elite,780.85,fast,True,2026-03-16 13:37:36 UTC,Cox Communications Inc.,TheSpeedX SOCKS5
192.111.137.34,18765,socks5,192.111.137.34:18765,United States,US,Atlanta,elite,784.28,fast,True,2026-03-16 13:37:46 UTC,Sharktek Consulting LLC,TheSpeedX SOCKS5
98.191.0.37,4145,socks5,98.191.0.37:4145,United States,US,Roanoke,elite,821.26,fast,True,2026-03-16 13:38:52 UTC,Cox Communications Inc,HookZOf SOCKS5
199.102.105.242,4145,socks5,199.102.105.242:4145,United States,US,Beverly Hills,elite,829.04,fast,True,2026-03-16 13:37:57 UTC,ZeroLag Communications,TheSpeedX SOCKS5
142.54.228.193,4145,socks5,142.54.228.193:4145,United States,US,Los Angeles,elite,829.83,fast,True,2026-03-16 13:37:36 UTC,Performive LLC,TheSpeedX SOCKS5
68.71.251.134,4145,socks5,68.71.251.134:4145,United States,US,Los Angeles,elite,838.8,fast,True,2026-03-16 13:38:52 UTC,Total Server Solutions L.L.C,HookZOf SOCKS5
192.252.215.2,4145,socks5,192.252.215.2:4145,United States,US,Atlanta,elite,855.93,fast,True,2026-03-16 13:38:52 UTC,Performive LLC,HookZOf SOCKS5
192.111.139.165,4145,socks5,192.111.139.165:4145,United States,US,Atlanta,elite,858.75,fast,True,2026-03-16 13:38:30 UTC,Total Server Solutions L.L.C.,TheSpeedX SOCKS5
68.71.252.38,4145,socks5,68.71.252.38:4145,United States,US,Santa Monica,elite,861.74,fast,True,2026-03-16 13:38:52 UTC,"Nami Media, Inc",HookZOf SOCKS5
184.178.172.26,4145,socks5,184.178.172.26:4145,United States,US,Roanoke,elite,863.18,fast,True,2026-03-16 13:38:19 UTC,Cox Communications Inc.,TheSpeedX SOCKS5
72.223.188.92,4145,socks5,72.223.188.92:4145,United States,US,Chicago,elite,871.84,fast,True,2026-03-16 13:38:52 UTC,Cox Communications Inc.,HookZOf SOCKS5
142.54.236.97,4145,socks5,142.54.236.97:4145,United States,US,Los Angeles,elite,883.42,fast,True,2026-03-16 13:38:41 UTC,Performive LLC,TheSpeedX SOCKS5
208.65.90.21,4145,socks5,208.65.90.21:4145,United States,US,Duluth,elite,883.68,fast,True,2026-03-16 13:38:52 UTC,NET2ATLANTA.COM LLC,HookZOf SOCKS5
68.71.249.158,4145,socks5,68.71.249.158:4145,United States,US,Los Angeles,elite,887.85,fast,True,2026-03-16 13:38:52 UTC,Family Guy Online,HookZOf SOCKS5
68.71.249.153,48606,socks5,68.71.249.153:48606,United States,US,Los Angeles,elite,896.14,fast,True,2026-03-16 13:37:57 UTC,Family Guy Online,TheSpeedX SOCKS5
184.178.172.13,15311,socks5,184.178.172.13:15311,United States,US,Roanoke,elite,903.72,fast,True,2026-03-16 13:38:19 UTC,Cox Communications Inc.,TheSpeedX SOCKS5
174.64.199.82,4145,socks5,174.64.199.82:4145,United States,US,Pensacola,elite,906.39,fast,True,2026-03-16 13:37:57 UTC,Cox Communications Inc.,TheSpeedX SOCKS5
184.181.178.33,4145,socks5,184.181.178.33:4145,United States,US,Pensacola,elite,926.26,fast,True,2026-03-16 13:38:52 UTC,Cox Communications,HookZOf SOCKS5
98.170.57.241,4145,socks5,98.170.57.241:4145,United States,US,Atlanta,elite,961.41,fast,True,2026-03-16 13:38:52 UTC,Cox Communications,HookZOf SOCKS5
184.178.172.23,4145,socks5,184.178.172.23:4145,United States,US,Roanoke,elite,981.89,fast,True,2026-03-16 13:38:08 UTC,Cox Communications Inc.,TheSpeedX SOCKS5
24.249.199.12,4145,socks5,24.249.199.12:4145,United States,US,San Diego,elite,1008.3,medium,True,2026-03-16 13:37:57 UTC,Cox Communications,TheSpeedX SOCKS5
72.195.34.59,4145,socks5,72.195.34.59:4145,United States,US,Irvine,elite,1013.82,medium,True,2026-03-16 13:37:36 UTC,Cox Communications,TheSpeedX SOCKS5
72.195.114.184,4145,socks5,72.195.114.184:4145,United States,US,Irvine,elite,1019.51,medium,True,2026-03-16 13:37:57 UTC,Cox Communications,TheSpeedX SOCKS5
184.170.249.65,4145,socks5,184.170.249.65:4145,United States,US,Atlanta,elite,1036.64,medium,True,2026-03-16 13:37:46 UTC,Performive LLC,TheSpeedX SOCKS5
184.181.217.220,4145,socks5,184.181.217.220:4145,United States,US,Pensacola,elite,1044.3,medium,True,2026-03-16 13:37:36 UTC,Cox Communications,TheSpeedX SOCKS5
184.181.217.201,4145,socks5,184.181.217.201:4145,United States,US,Pensacola,elite,1050.22,medium,True,2026-03-16 13:37:46 UTC,Cox Communications,TheSpeedX SOCKS5
72.37.216.68,4145,socks5,72.37.216.68:4145,United States,US,Beverly Hills,elite,1078.5,medium,True,2026-03-16 13:38:19 UTC,ZeroLag Communications,TheSpeedX SOCKS5
72.37.217.3,4145,socks5,72.37.217.3:4145,United States,US,Syracuse,elite,1091.72,medium,True,2026-03-16 13:38:41 UTC,I Am Responding,TheSpeedX SOCKS5
142.54.232.6,4145,socks5,142.54.232.6:4145,United States,US,Los Angeles,elite,1112.67,medium,True,2026-03-16 13:38:30 UTC,Performive LLC,TheSpeedX SOCKS5
184.178.172.11,4145,socks5,184.178.172.11:4145,United States,US,Roanoke,elite,1141.87,medium,True,2026-03-16 13:38:52 UTC,Cox Communications Inc.,TheSpeedX SOCKS5
67.201.59.70,4145,socks5,67.201.59.70:4145,United States,US,El Segundo,elite,1167.72,medium,True,2026-03-16 13:37:46 UTC,Total server solutions,TheSpeedX SOCKS5
70.166.167.38,57728,socks5,70.166.167.38:57728,United States,US,Rogers,elite,1168.89,medium,True,2026-03-16 13:38:31 UTC,Cox Communications,TheSpeedX SOCKS5
69.61.200.104,36181,socks5,69.61.200.104:36181,United States,US,Cincinnati,elite,1187.74,medium,True,2026-03-16 13:38:20 UTC,Maximum Communications,TheSpeedX SOCKS5
174.77.111.196,4145,socks5,174.77.111.196:4145,United States,US,Pensacola,elite,1189.77,medium,True,2026-03-16 13:38:09 UTC,Cox Communications,TheSpeedX SOCKS5
192.111.139.162,4145,socks5,192.111.139.162:4145,United States,US,Atlanta,elite,1189.95,medium,True,2026-03-16 13:38:20 UTC,Total Server Solutions L.L.C.,TheSpeedX SOCKS5
192.252.211.193,4145,socks5,192.252.211.193:4145,United States,US,Atlanta,elite,1212.77,medium,True,2026-03-16 13:38:53 UTC,Performive LLC,HookZOf SOCKS5
5.61.47.238,4444,socks5,5.61.47.238:4444,Germany,DE,Frankfurt am Main,elite,1234.26,medium,True,2026-03-16 13:38:53 UTC,3NT Solutions LLP,MoNoSplit SOCKS5
107.181.168.145,4145,socks5,107.181.168.145:4145,United States,US,Miami,elite,1242.64,medium,True,2026-03-16 13:37:36 UTC,Performive LLC,TheSpeedX SOCKS5
85.143.254.38,1080,socks5,85.143.254.38:1080,Russia,RU,St Petersburg,elite,1247.4,medium,True,2026-03-16 13:38:42 UTC,Comfortel Ltd,TheSpeedX SOCKS5
208.102.51.6,58208,socks5,208.102.51.6:58208,United States,US,Alexandria,elite,1289.1,medium,True,2026-03-16 13:38:20 UTC,Fuse Internet Access - MH2+,TheSpeedX SOCKS5
72.207.109.5,4145,socks5,72.207.109.5:4145,United States,US,Houston,elite,1370.15,medium,True,2026-03-16 13:38:53 UTC,Cox Communications,HookZOf SOCKS5
198.177.253.13,4145,socks5,198.177.253.13:4145,United States,US,Phoenix,elite,1389.63,medium,True,2026-03-16 13:38:53 UTC,"Allerion, Inc.",HookZOf SOCKS5
198.8.94.174,39078,socks5,198.8.94.174:39078,United States,US,Atlanta,elite,1397.98,medium,True,2026-03-16 13:38:53 UTC,Performive LLC,TheSpeedX SOCKS5
195.19.50.51,1080,socks5,195.19.50.51:1080,Russia,RU,Moscow,elite,1407.54,medium,True,2026-03-16 13:38:53 UTC,ZAO GTNT,MoNoSplit SOCKS5
184.178.172.17,4145,socks5,184.178.172.17:4145,United States,US,Roanoke,elite,1409.22,medium,True,2026-03-16 13:37:58 UTC,Cox Communications Inc.,TheSpeedX SOCKS5
70.166.167.55,57745,socks5,70.166.167.55:57745,United States,US,Rogers,elite,1422.64,medium,True,2026-03-16 13:38:20 UTC,Cox Communications,TheSpeedX SOCKS5
37.18.73.60,5566,socks5,37.18.73.60:5566,Russia,RU,Moscow,elite,1423.32,medium,True,2026-03-16 13:38:53 UTC,Cloud.ru,MoNoSplit SOCKS5
184.181.217.210,4145,socks5,184.181.217.210:4145,United States,US,Pensacola,elite,1446.67,medium,True,2026-03-16 13:38:20 UTC,Cox Communications,TheSpeedX SOCKS5
98.182.147.97,4145,socks5,98.182.147.97:4145,United States,US,Las Vegas,elite,1456.02,medium,True,2026-03-16 13:38:53 UTC,Cox Communications Inc.,HookZOf SOCKS5
213.165.58.7,1080,socks5,213.165.58.7:1080,Finland,FI,Helsinki,elite,1467.23,medium,True,2026-03-16 13:38:53 UTC,WAIcore Ltd,MoNoSplit SOCKS5
199.229.254.129,4145,socks5,199.229.254.129:4145,United States,US,Atlanta,elite,1501.78,medium,True,2026-03-16 13:37:47 UTC,Performive LLC,TheSpeedX SOCKS5
67.201.39.14,4145,socks5,67.201.39.14:4145,United States,US,El Segundo,elite,1542.34,medium,True,2026-03-16 13:38:53 UTC,Total server solutions,HookZOf SOCKS5
72.49.49.11,31034,socks5,72.49.49.11:31034,United States,US,Cincinnati,elite,1565.4,medium,True,2026-03-16 13:37:36 UTC,Fuse Internet Access - BRAS Norwood Region,TheSpeedX SOCKS5
93.183.124.28,1080,socks5,93.183.124.28:1080,Netherlands,NL,Amsterdam,elite,1584.55,medium,True,2026-03-16 13:38:53 UTC,,MoNoSplit SOCKS5
192.111.129.145,16894,socks5,192.111.129.145:16894,United States,US,Atlanta,elite,1608.71,medium,True,2026-03-16 13:38:20 UTC,Total Server Solutions L.L.C.,TheSpeedX SOCKS5
206.123.156.212,7964,socks5,206.123.156.212:7964,United Kingdom,GB,City of London,elite,1623.23,medium,True,2026-03-16 13:38:53 UTC,Secure Internet LLC,MoNoSplit SOCKS5
184.181.217.194,4145,socks5,184.181.217.194:4145,United States,US,Pensacola,elite,1628.37,medium,True,2026-03-16 13:38:53 UTC,Cox Communications,TheSpeedX SOCKS5
192.111.137.35,4145,socks5,192.111.137.35:4145,United States,US,Atlanta,elite,1687.36,medium,True,2026-03-16 13:37:37 UTC,Sharktek Consulting LLC,TheSpeedX SOCKS5
134.199.159.23,1080,socks5,134.199.159.23:1080,Australia,AU,Sydney,elite,1702.26,medium,True,2026-03-16 13:38:53 UTC,"DigitalOcean, LLC",HookZOf SOCKS5
198.177.252.24,4145,socks5,198.177.252.24:4145,United States,US,Phoenix,elite,1718.3,medium,True,2026-03-16 13:38:53 UTC,"Allerion, Inc.",HookZOf SOCKS5
184.185.2.12,4145,socks5,184.185.2.12:4145,United States,US,Pensacola,elite,1725.53,medium,True,2026-03-16 13:38:53 UTC,Cox Communications Inc.,HookZOf SOCKS5
68.1.210.189,4145,socks5,68.1.210.189:4145,United States,US,San Diego,elite,1725.95,medium,True,2026-03-16 13:37:47 UTC,Cox Communications,TheSpeedX SOCKS5
192.252.208.70,14282,socks5,192.252.208.70:14282,United States,US,Atlanta,elite,1741.51,medium,True,2026-03-16 13:37:36 UTC,Performive LLC,TheSpeedX SOCKS5
98.170.57.231,4145,socks5,98.170.57.231:4145,United States,US,Atlanta,elite,1809.32,medium,True,2026-03-16 13:37:37 UTC,Cox Communications,TheSpeedX SOCKS5
162.253.68.97,4145,socks5,162.253.68.97:4145,United States,US,Los Angeles,elite,1828.74,medium,True,2026-03-16 13:38:20 UTC,Performive LLC,TheSpeedX SOCKS5
174.64.199.79,4145,socks5,174.64.199.79:4145,United States,US,Pensacola,elite,1838.67,medium,True,2026-03-16 13:38:20 UTC,Cox Communications Inc.,TheSpeedX SOCKS5
173.249.5.133,1080,socks5,173.249.5.133:1080,France,FR,Lauterbourg,elite,1882.75,medium,True,2026-03-16 13:38:53 UTC,Contabo GmbH,MoNoSplit SOCKS5
98.181.137.80,4145,socks5,98.181.137.80:4145,United States,US,North Las Vegas,elite,1947.75,medium,True,2026-03-16 13:38:42 UTC,Cox Communications Inc.,TheSpeedX SOCKS5
47.79.40.38,55000,socks5,47.79.40.38:55000,Japan,JP,Tokyo,elite,1988.19,medium,True,2026-03-16 13:38:53 UTC,"NORTHERN CABLE AND FIBER, LLC, Delta Centric LLC, Zenlayer Inc",HookZOf SOCKS5
68.1.210.163,4145,socks5,68.1.210.163:4145,United States,US,San Diego,elite,1999.99,medium,True,2026-03-16 13:38:42 UTC,Cox Communications,TheSpeedX SOCKS5
72.207.113.97,4145,socks5,72.207.113.97:4145,United States,US,Houston,elite,2035.41,medium,True,2026-03-16 13:38:53 UTC,Cox Communications,HookZOf SOCKS5
206.123.156.176,6121,socks5,206.123.156.176:6121,United Kingdom,GB,City of London,elite,2050.45,medium,True,2026-03-16 13:38:53 UTC,Secure Internet LLC,MoNoSplit SOCKS5
198.8.94.170,4145,socks5,198.8.94.170:4145,United States,US,Atlanta,elite,2164.41,medium,True,2026-03-16 13:38:20 UTC,Performive LLC,TheSpeedX SOCKS5
64.227.131.240,1080,socks5,64.227.131.240:1080,India,IN,Bengaluru,elite,2200.79,medium,True,2026-03-16 13:38:54 UTC,"DigitalOcean, LLC",MoNoSplit SOCKS5
184.178.172.28,15294,socks5,184.178.172.28:15294,United States,US,Roanoke,elite,2206.8,medium,True,2026-03-16 13:37:59 UTC,Cox Communications Inc.,TheSpeedX SOCKS5
199.116.114.11,4145,socks5,199.116.114.11:4145,United States,US,Los Angeles,elite,2266.08,medium,True,2026-03-16 13:38:21 UTC,Total Server Solutions L.L.C,TheSpeedX SOCKS5
81.28.4.97,1080,socks5,81.28.4.97:1080,United Kingdom,GB,London,elite,2292.83,medium,True,2026-03-16 13:38:54 UTC,Cloudwebmanage EU LO,MoNoSplit SOCKS5
206.123.156.213,6420,socks5,206.123.156.213:6420,United Kingdom,GB,City of London,elite,2296.16,medium,True,2026-03-16 13:38:54 UTC,Secure Internet LLC,MoNoSplit SOCKS5
68.71.245.206,4145,socks5,68.71.245.206:4145,United States,US,Santa Ana,elite,2327.29,medium,True,2026-03-16 13:38:43 UTC,RPCD,TheSpeedX SOCKS5
27.72.62.192,1080,socks5,27.72.62.192:1080,Vietnam,VN,Hanoi,elite,2361.79,medium,True,2026-03-16 13:38:54 UTC,,MoNoSplit SOCKS5
66.42.59.155,443,socks5,66.42.59.155:443,Singapore,SG,Singapore,elite,2441.81,medium,True,2026-03-16 13:38:54 UTC,,MoNoSplit SOCKS5
72.195.34.42,4145,socks5,72.195.34.42:4145,United States,US,Irvine,elite,2482.25,medium,True,2026-03-16 13:37:37 UTC,Cox Communications,TheSpeedX SOCKS5
194.163.167.32,1080,socks5,194.163.167.32:1080,France,FR,Lauterbourg,elite,2511.87,medium,True,2026-03-16 13:38:54 UTC,Contabo GmbH,HookZOf SOCKS5
66.42.224.229,41679,socks5,66.42.224.229:41679,United States,US,Cincinnati,elite,2534.17,medium,True,2026-03-16 13:38:32 UTC,Enerfab Incorporated,TheSpeedX SOCKS5
206.123.156.178,6150,socks5,206.123.156.178:6150,United Kingdom,GB,City of London,elite,2540.2,medium,True,2026-03-16 13:38:54 UTC,Secure Internet LLC,MoNoSplit SOCKS5
206.123.156.212,5372,socks5,206.123.156.212:5372,United Kingdom,GB,City of London,elite,2630.17,medium,True,2026-03-16 13:38:54 UTC,Secure Internet LLC,MoNoSplit SOCKS5
115.127.107.106,1080,socks5,115.127.107.106:1080,Bangladesh,BD,Dhaka,elite,3007.62,slow,True,2026-03-16 13:38:21 UTC,BRACNet Limited,TheSpeedX SOCKS5
98.175.31.195,4145,socks5,98.175.31.195:4145,United States,US,Norfolk,elite,3031.2,slow,True,2026-03-16 13:38:21 UTC,Cox Communications Inc,TheSpeedX SOCKS5
174.77.111.198,49547,socks5,174.77.111.198:49547,United States,US,Pensacola,elite,3049.93,slow,True,2026-03-16 13:38:21 UTC,Cox Communications,TheSpeedX SOCKS5
206.123.156.235,4284,socks5,206.123.156.235:4284,United Kingdom,GB,City of London,elite,3148.38,slow,True,2026-03-16 13:38:54 UTC,Secure Internet LLC,MoNoSplit SOCKS5
192.163.200.82,17071,socks5,192.163.200.82:17071,United States,US,Provo,elite,3362.27,slow,True,2026-03-16 13:38:22 UTC,Unified Layer,TheSpeedX SOCKS5
206.123.156.189,42674,socks5,206.123.156.189:42674,United Kingdom,GB,City of London,elite,3571.53,slow,True,2026-03-16 13:38:55 UTC,Secure Internet LLC,MoNoSplit SOCKS5
213.165.58.5,1080,socks5,213.165.58.5:1080,Finland,FI,Helsinki,elite,3577.68,slow,True,2026-03-16 13:38:55 UTC,WAIcore Ltd,MoNoSplit SOCKS5
206.123.156.200,7900,socks5,206.123.156.200:7900,United Kingdom,GB,City of London,elite,3628.08,slow,True,2026-03-16 13:38:55 UTC,Secure Internet LLC,MoNoSplit SOCKS5
206.123.156.179,6091,socks5,206.123.156.179:6091,United Kingdom,GB,City of London,elite,3729.51,slow,True,2026-03-16 13:38:55 UTC,Secure Internet LLC,MoNoSplit SOCKS5
206.123.156.188,12025,socks5,206.123.156.188:12025,United Kingdom,GB,City of London,elite,3778.44,slow,True,2026-03-16 13:38:55 UTC,Secure Internet LLC,MoNoSplit SOCKS5
59.46.216.131,30001,socks5,59.46.216.131:30001,China,CN,Shenyang,elite,3790.05,slow,True,2026-03-16 13:38:55 UTC,Chinanet LN,HookZOf SOCKS5
89.124.79.162,1080,socks5,89.124.79.162:1080,Netherlands,NL,Amsterdam,elite,3790.64,slow,True,2026-03-16 13:38:55 UTC,,MoNoSplit SOCKS5
206.123.156.200,7617,socks5,206.123.156.200:7617,United Kingdom,GB,City of London,elite,3827.01,slow,True,2026-03-16 13:38:55 UTC,Secure Internet LLC,MoNoSplit SOCKS5
98.188.47.150,4145,socks5,98.188.47.150:4145,United States,US,Pensacola,elite,3873.44,slow,True,2026-03-16 13:38:22 UTC,Cox Communications,TheSpeedX SOCKS5
206.123.156.184,5725,socks5,206.123.156.184:5725,United Kingdom,GB,City of London,elite,3893.06,slow,True,2026-03-16 13:38:55 UTC,Secure Internet LLC,MoNoSplit SOCKS5
206.123.156.215,9696,socks5,206.123.156.215:9696,United Kingdom,GB,City of London,elite,3945.22,slow,True,2026-03-16 13:38:55 UTC,Secure Internet LLC,MoNoSplit SOCKS5
206.123.156.182,11695,socks5,206.123.156.182:11695,United Kingdom,GB,City of London,elite,4016.72,slow,True,2026-03-16 13:38:55 UTC,Secure Internet LLC,MoNoSplit SOCKS5
206.123.156.209,10812,socks5,206.123.156.209:10812,United Kingdom,GB,City of London,elite,4121.68,slow,True,2026-03-16 13:38:55 UTC,Secure Internet LLC,MoNoSplit SOCKS5
206.123.156.235,4415,socks5,206.123.156.235:4415,United Kingdom,GB,City of London,elite,4130.14,slow,True,2026-03-16 13:38:55 UTC,Secure Internet LLC,MoNoSplit SOCKS5
216.68.128.121,4145,socks5,216.68.128.121:4145,United States,US,Cincinnati,elite,4186.34,slow,True,2026-03-16 13:38:56 UTC,Fuse Internet Access,HookZOf SOCKS5
206.123.156.202,10342,socks5,206.123.156.202:10342,United Kingdom,GB,City of London,elite,4340.26,slow,True,2026-03-16 13:38:56 UTC,Secure Internet LLC,MoNoSplit SOCKS5
206.123.156.200,5669,socks5,206.123.156.200:5669,United Kingdom,GB,City of London,elite,4464.58,slow,True,2026-03-16 13:38:56 UTC,Secure Internet LLC,MoNoSplit SOCKS5
206.123.156.176,5417,socks5,206.123.156.176:5417,United Kingdom,GB,City of London,elite,5163.04,slow,True,2026-03-16 13:38:56 UTC,Secure Internet LLC,MoNoSplit SOCKS5
206.123.156.201,8988,socks5,206.123.156.201:8988,United Kingdom,GB,City of London,elite,5181.73,slow,True,2026-03-16 13:38:56 UTC,Secure Internet LLC,MoNoSplit SOCKS5
206.123.156.212,5869,socks5,206.123.156.212:5869,United Kingdom,GB,City of London,elite,5429.33,slow,True,2026-03-16 13:38:57 UTC,Secure Internet LLC,MoNoSplit SOCKS5
52.13.120.89,6000,socks5,52.13.120.89:6000,United States,US,Portland,elite,5661.48,slow,True,2026-03-16 13:38:57 UTC,AWS EC2 (us-west-2),MoNoSplit SOCKS5
72.195.34.35,27360,socks5,72.195.34.35:27360,United States,US,Irvine,elite,5679.29,slow,True,2026-03-16 13:37:40 UTC,Cox Communications,TheSpeedX SOCKS5
206.123.156.209,9374,socks5,206.123.156.209:9374,United Kingdom,GB,City of London,elite,5779.38,slow,True,2026-03-16 13:38:57 UTC,Secure Internet LLC,MoNoSplit SOCKS5
206.123.156.208,4357,socks5,206.123.156.208:4357,United Kingdom,GB,City of London,elite,6057.1,slow,True,2026-03-16 13:38:57 UTC,Secure Internet LLC,MoNoSplit SOCKS5
47.252.18.37,8834,socks5,47.252.18.37:8834,United States,US,Henrico,elite,6068.47,slow,True,2026-03-16 13:38:14 UTC,Alibaba Cloud - US,TheSpeedX SOCKS5
47.89.159.212,1081,socks5,47.89.159.212:1081,United States,US,Henrico,elite,6068.87,slow,True,2026-03-16 13:37:41 UTC,ALICLOUD-US,TheSpeedX SOCKS5
47.252.18.37,5060,socks5,47.252.18.37:5060,United States,US,Henrico,elite,6071.52,slow,True,2026-03-16 13:37:41 UTC,Alibaba Cloud - US,TheSpeedX SOCKS5
139.59.24.173,1080,socks5,139.59.24.173:1080,India,IN,Bengaluru,elite,6093.94,slow,True,2026-03-16 13:38:57 UTC,"DigitalOcean, LLC",HookZOf SOCKS5
47.90.167.27,1080,socks5,47.90.167.27:1080,United States,US,Henrico,elite,6108.97,slow,True,2026-03-16 13:38:25 UTC,ALICLOUD-US,TheSpeedX SOCKS5
47.90.149.238,5060,socks5,47.90.149.238:5060,United States,US,Henrico,elite,6116.85,slow,True,2026-03-16 13:37:52 UTC,ALICLOUD-US,TheSpeedX SOCKS5
47.252.11.233,1080,socks5,47.252.11.233:1080,United States,US,Henrico,elite,6141.4,slow,True,2026-03-16 13:37:52 UTC,Alibaba Cloud - US,TheSpeedX SOCKS5
47.89.159.212,8010,socks5,47.89.159.212:8010,United States,US,Henrico,elite,6144.49,slow,True,2026-03-16 13:38:36 UTC,ALICLOUD-US,TheSpeedX SOCKS5
47.89.159.212,31281,socks5,47.89.159.212:31281,United States,US,Henrico,elite,6146.64,slow,True,2026-03-16 13:37:52 UTC,ALICLOUD-US,TheSpeedX SOCKS5
47.252.11.233,8080,socks5,47.252.11.233:8080,United States,US,Henrico,elite,6183.83,slow,True,2026-03-16 13:38:03 UTC,Alibaba Cloud - US,TheSpeedX SOCKS5
47.90.149.238,11,socks5,47.90.149.238:11,United States,US,Henrico,elite,6204.04,slow,True,2026-03-16 13:38:46 UTC,ALICLOUD-US,TheSpeedX SOCKS5
47.90.167.27,8080,socks5,47.90.167.27:8080,United States,US,Henrico,elite,6207.56,slow,True,2026-03-16 13:37:52 UTC,ALICLOUD-US,TheSpeedX SOCKS5
8.211.194.78,5060,socks5,8.211.194.78:5060,United Kingdom,GB,London,elite,6226.95,slow,True,2026-03-16 13:37:41 UTC,Alibaba.com Singapore E-Commerce Private Limited,TheSpeedX SOCKS5
47.251.73.54,92,socks5,47.251.73.54:92,United States,US,Minkler,elite,6227.31,slow,True,2026-03-16 13:38:03 UTC,Alibaba Cloud - US,TheSpeedX SOCKS5
47.252.11.233,5060,socks5,47.252.11.233:5060,United States,US,Henrico,elite,6227.77,slow,True,2026-03-16 13:38:13 UTC,Alibaba Cloud - US,TheSpeedX SOCKS5
47.91.89.3,1080,socks5,47.91.89.3:1080,Germany,DE,Frankfurt am Main,elite,6231.87,slow,True,2026-03-16 13:38:25 UTC,ALICLOUD-GM,TheSpeedX SOCKS5
8.211.194.78,8081,socks5,8.211.194.78:8081,United Kingdom,GB,London,elite,6246.34,slow,True,2026-03-16 13:38:14 UTC,Alibaba.com Singapore E-Commerce Private Limited,TheSpeedX SOCKS5
8.209.96.245,1234,socks5,8.209.96.245:1234,Germany,DE,Frankfurt am Main,elite,6247.66,slow,True,2026-03-16 13:37:52 UTC,,TheSpeedX SOCKS5
8.211.51.115,4000,socks5,8.211.51.115:4000,Germany,DE,Frankfurt am Main,elite,6252.58,slow,True,2026-03-16 13:37:52 UTC,Alibaba.com Singapore E-Commerce Private Limited,TheSpeedX SOCKS5
8.211.195.173,8080,socks5,8.211.195.173:8080,United Kingdom,GB,London,elite,6263.98,slow,True,2026-03-16 13:37:41 UTC,Alibaba.com Singapore E-Commerce Private Limited,TheSpeedX SOCKS5
8.209.96.245,8081,socks5,8.209.96.245:8081,Germany,DE,Frankfurt am Main,elite,6273.31,slow,True,2026-03-16 13:37:41 UTC,,TheSpeedX SOCKS5
47.91.89.3,8443,socks5,47.91.89.3:8443,Germany,DE,Frankfurt am Main,elite,6277.62,slow,True,2026-03-16 13:37:41 UTC,ALICLOUD-GM,TheSpeedX SOCKS5
8.211.195.139,28737,socks5,8.211.195.139:28737,United Kingdom,GB,London,elite,6287.87,slow,True,2026-03-16 13:38:25 UTC,Alibaba.com Singapore E-Commerce Private Limited,TheSpeedX SOCKS5
8.211.195.173,8081,socks5,8.211.195.173:8081,United Kingdom,GB,London,elite,6298.32,slow,True,2026-03-16 13:38:03 UTC,Alibaba.com Singapore E-Commerce Private Limited,TheSpeedX SOCKS5
8.211.42.167,8083,socks5,8.211.42.167:8083,Germany,DE,Frankfurt am Main,elite,6328.14,slow,True,2026-03-16 13:38:03 UTC,Alibaba.com Singapore E-Commerce Private Limited,TheSpeedX SOCKS5
8.209.96.245,6379,socks5,8.209.96.245:6379,Germany,DE,Frankfurt am Main,elite,6333.99,slow,True,2026-03-16 13:37:52 UTC,,TheSpeedX SOCKS5
8.211.195.173,10001,socks5,8.211.195.173:10001,United Kingdom,GB,London,elite,6340.74,slow,True,2026-03-16 13:38:25 UTC,Alibaba.com Singapore E-Commerce Private Limited,TheSpeedX SOCKS5
8.211.200.183,8080,socks5,8.211.200.183:8080,United Kingdom,GB,London,elite,6348.88,slow,True,2026-03-16 13:38:14 UTC,Alibaba.com Singapore E-Commerce Private Limited,TheSpeedX SOCKS5
47.251.73.54,64,socks5,47.251.73.54:64,United States,US,Minkler,elite,6352.25,slow,True,2026-03-16 13:37:41 UTC,Alibaba Cloud - US,TheSpeedX SOCKS5
47.254.36.213,5060,socks5,47.254.36.213:5060,United States,US,Minkler,elite,6354.8,slow,True,2026-03-16 13:37:52 UTC,Alibaba Cloud - US,TheSpeedX SOCKS5
8.211.51.115,8443,socks5,8.211.51.115:8443,Germany,DE,Frankfurt am Main,elite,6374.37,slow,True,2026-03-16 13:38:03 UTC,Alibaba.com Singapore E-Commerce Private Limited,TheSpeedX SOCKS5
8.211.51.115,8081,socks5,8.211.51.115:8081,Germany,DE,Frankfurt am Main,elite,6375.09,slow,True,2026-03-16 13:38:03 UTC,Alibaba.com Singapore E-Commerce Private Limited,TheSpeedX SOCKS5
8.211.49.86,8443,socks5,8.211.49.86:8443,Germany,DE,Frankfurt am Main,elite,6377.35,slow,True,2026-03-16 13:37:41 UTC,Alibaba.com Singapore E-Commerce Private Limited,TheSpeedX SOCKS5
47.254.36.213,8081,socks5,47.254.36.213:8081,United States,US,Minkler,elite,6382.19,slow,True,2026-03-16 13:37:52 UTC,Alibaba Cloud - US,TheSpeedX SOCKS5
47.91.29.151,9080,socks5,47.91.29.151:9080,Japan,JP,Tokyo,elite,6392.75,slow,True,2026-03-16 13:38:03 UTC,ALICLOUD-JP,TheSpeedX SOCKS5
47.74.46.81,5060,socks5,47.74.46.81:5060,Japan,JP,Tokyo,elite,6399.25,slow,True,2026-03-16 13:38:36 UTC,Alibaba Cloud - JP,TheSpeedX SOCKS5
8.211.195.139,1080,socks5,8.211.195.139:1080,United Kingdom,GB,London,elite,6409.4,slow,True,2026-03-16 13:37:41 UTC,Alibaba.com Singapore E-Commerce Private Limited,TheSpeedX SOCKS5
47.74.46.81,8081,socks5,47.74.46.81:8081,Japan,JP,Tokyo,elite,6413.35,slow,True,2026-03-16 13:37:41 UTC,Alibaba Cloud - JP,TheSpeedX SOCKS5
47.254.36.213,50,socks5,47.254.36.213:50,United States,US,Minkler,elite,6426.0,slow,True,2026-03-16 13:38:14 UTC,Alibaba Cloud - US,TheSpeedX SOCKS5
206.123.156.179,6008,socks5,206.123.156.179:6008,United Kingdom,GB,City of London,elite,6427.27,slow,True,2026-03-16 13:38:58 UTC,Secure Internet LLC,MoNoSplit SOCKS5
8.211.200.183,6969,socks5,8.211.200.183:6969,United Kingdom,GB,London,elite,6428.26,slow,True,2026-03-16 13:37:52 UTC,Alibaba.com Singapore E-Commerce Private Limited,TheSpeedX SOCKS5
206.123.156.211,9782,socks5,206.123.156.211:9782,United Kingdom,GB,City of London,elite,6433.45,slow,True,2026-03-16 13:38:58 UTC,Secure Internet LLC,MoNoSplit SOCKS5
47.91.110.148,55443,socks5,47.91.110.148:55443,United Arab Emirates,AE,Dubai,elite,6441.37,slow,True,2026-03-16 13:38:47 UTC,ALICLOUD-UAE,TheSpeedX SOCKS5
8.220.205.172,11443,socks5,8.220.205.172:11443,South Korea,KR,Seoul,elite,6446.23,slow,True,2026-03-16 13:37:52 UTC,Alibaba.com Singapore E-Commerce Private Limited,TheSpeedX SOCKS5
47.91.109.17,9200,socks5,47.91.109.17:9200,United Arab Emirates,AE,Dubai,elite,6453.62,slow,True,2026-03-16 13:38:25 UTC,ALICLOUD-UAE,TheSpeedX SOCKS5
8.220.205.172,9020,socks5,8.220.205.172:9020,South Korea,KR,Seoul,elite,6457.54,slow,True,2026-03-16 13:37:41 UTC,Alibaba.com Singapore E-Commerce Private Limited,TheSpeedX SOCKS5
8.220.205.172,9080,socks5,8.220.205.172:9080,South Korea,KR,Seoul,elite,6460.24,slow,True,2026-03-16 13:37:52 UTC,Alibaba.com Singapore E-Commerce Private Limited,TheSpeedX SOCKS5
8.220.204.215,8081,socks5,8.220.204.215:8081,South Korea,KR,Seoul,elite,6460.81,slow,True,2026-03-16 13:38:03 UTC,Alibaba.com Singapore E-Commerce Private Limited,TheSpeedX SOCKS5
8.213.156.191,3541,socks5,8.213.156.191:3541,South Korea,KR,Seoul,elite,6461.66,slow,True,2026-03-16 13:37:52 UTC,Alibaba.com Singapore E-Commerce Private Limited,TheSpeedX SOCKS5
8.213.156.191,1081,socks5,8.213.156.191:1081,South Korea,KR,Seoul,elite,6462.63,slow,True,2026-03-16 13:37:41 UTC,Alibaba.com Singapore E-Commerce Private Limited,TheSpeedX SOCKS5
47.91.29.151,33427,socks5,47.91.29.151:33427,Japan,JP,Tokyo,elite,6462.84,slow,True,2026-03-16 13:38:03 UTC,ALICLOUD-JP,TheSpeedX SOCKS5
8.213.156.191,194,socks5,8.213.156.191:194,South Korea,KR,Seoul,elite,6463.41,slow,True,2026-03-16 13:38:03 UTC,Alibaba.com Singapore E-Commerce Private Limited,TheSpeedX SOCKS5
8.221.138.111,18080,socks5,8.221.138.111:18080,Japan,JP,Tokyo,elite,6469.51,slow,True,2026-03-16 13:38:14 UTC,Alibaba.com Singapore E-Commerce Private Limited,TheSpeedX SOCKS5
8.221.138.111,8080,socks5,8.221.138.111:8080,Japan,JP,Tokyo,elite,6469.75,slow,True,2026-03-16 13:38:14 UTC,Alibaba.com Singapore E-Commerce Private Limited,TheSpeedX SOCKS5
8.220.204.92,8888,socks5,8.220.204.92:8888,South Korea,KR,Seoul,elite,6478.31,slow,True,2026-03-16 13:37:41 UTC,Alibaba.com Singapore E-Commerce Private Limited,TheSpeedX SOCKS5
8.221.141.88,5631,socks5,8.221.141.88:5631,Japan,JP,Tokyo,elite,6497.34,slow,True,2026-03-16 13:37:52 UTC,Alibaba.com Singapore E-Commerce Private Limited,TheSpeedX SOCKS5
8.220.204.215,12000,socks5,8.220.204.215:12000,South Korea,KR,Seoul,elite,6499.06,slow,True,2026-03-16 13:38:03 UTC,Alibaba.com Singapore E-Commerce Private Limited,TheSpeedX SOCKS5
8.221.139.222,9080,socks5,8.221.139.222:9080,Japan,JP,Tokyo,elite,6504.74,slow,True,2026-03-16 13:37:52 UTC,Alibaba.com Singapore E-Commerce Private Limited,TheSpeedX SOCKS5
8.221.138.111,80,socks5,8.221.138.111:80,Japan,JP,Tokyo,elite,6514.57,slow,True,2026-03-16 13:37:52 UTC,Alibaba.com Singapore E-Commerce Private Limited,TheSpeedX SOCKS5
8.213.134.213,30000,socks5,8.213.134.213:30000,South Korea,KR,Seoul,elite,6531.88,slow,True,2026-03-16 13:38:03 UTC,Alibaba.com Singapore E-Commerce Private Limited,TheSpeedX SOCKS5
47.238.128.246,4145,socks5,47.238.128.246:4145,Hong Kong,HK,Hong Kong,elite,6532.82,slow,True,2026-03-16 13:37:52 UTC,Alibaba Cloud - HK,TheSpeedX SOCKS5
47.251.73.54,808,socks5,47.251.73.54:808,United States,US,Minkler,elite,6538.26,slow,True,2026-03-16 13:37:52 UTC,Alibaba Cloud - US,TheSpeedX SOCKS5
203.189.154.223,1080,socks5,203.189.154.223:1080,Cambodia,KH,Phnom Penh,elite,6541.29,slow,True,2026-03-16 13:38:58 UTC,,HookZOf SOCKS5
8.213.222.247,8080,socks5,8.213.222.247:8080,Thailand,TH,Bangkok,elite,6542.45,slow,True,2026-03-16 13:38:36 UTC,Alibaba.com Singapore E-Commerce Private Limited,TheSpeedX SOCKS5
47.74.46.81,18080,socks5,47.74.46.81:18080,Japan,JP,Tokyo,elite,6542.62,slow,True,2026-03-16 13:37:41 UTC,Alibaba Cloud - JP,TheSpeedX SOCKS5
47.238.128.246,80,socks5,47.238.128.246:80,Hong Kong,HK,Hong Kong,elite,6548.62,slow,True,2026-03-16 13:37:41 UTC,Alibaba Cloud - HK,TheSpeedX SOCKS5
8.221.141.88,1080,socks5,8.221.141.88:1080,Japan,JP,Tokyo,elite,6550.39,slow,True,2026-03-16 13:38:03 UTC,Alibaba.com Singapore E-Commerce Private Limited,TheSpeedX SOCKS5
47.238.130.212,4145,socks5,47.238.130.212:4145,Hong Kong,HK,Hong Kong,elite,6553.25,slow,True,2026-03-16 13:38:03 UTC,Alibaba Cloud - HK,TheSpeedX SOCKS5
8.210.17.35,8004,socks5,8.210.17.35:8004,Hong Kong,HK,Hong Kong,elite,6553.59,slow,True,2026-03-16 13:38:03 UTC,Hong Kong,TheSpeedX SOCKS5
101.200.158.109,8808,socks5,101.200.158.109:8808,China,CN,Beijing,elite,6554.56,slow,True,2026-03-16 13:38:47 UTC,"Aliyun Computing Co., LTD",TheSpeedX SOCKS5
47.238.130.212,3128,socks5,47.238.130.212:3128,Hong Kong,HK,Hong Kong,elite,6555.13,slow,True,2026-03-16 13:38:36 UTC,Alibaba Cloud - HK,TheSpeedX SOCKS5
120.26.52.35,3333,socks5,120.26.52.35:3333,China,CN,Hangzhou,elite,6557.76,slow,True,2026-03-16 13:37:52 UTC,Alibaba.com LLC,TheSpeedX SOCKS5
8.220.136.174,8084,socks5,8.220.136.174:8084,Philippines,PH,Manila,elite,6558.74,slow,True,2026-03-16 13:38:47 UTC,Alibaba.com Singapore E-Commerce Private Limited,TheSpeedX SOCKS5
47.238.134.126,8004,socks5,47.238.134.126:8004,Hong Kong,HK,Hong Kong,elite,6561.97,slow,True,2026-03-16 13:37:41 UTC,Alibaba Cloud - HK,TheSpeedX SOCKS5
8.221.139.222,3128,socks5,8.221.139.222:3128,Japan,JP,Tokyo,elite,6564.3,slow,True,2026-03-16 13:37:41 UTC,Alibaba.com Singapore E-Commerce Private Limited,TheSpeedX SOCKS5
8.219.229.53,1081,socks5,8.219.229.53:1081,Singapore,SG,Singapore,elite,6565.25,slow,True,2026-03-16 13:38:03 UTC,Alibaba.com Singapore E-Commerce Private Limited,TheSpeedX SOCKS5
47.250.155.254,8181,socks5,47.250.155.254:8181,Malaysia,MY,Kuala Lumpur,elite,6567.75,slow,True,2026-03-16 13:38:47 UTC,Alibaba.com LLC,TheSpeedX SOCKS5
5.149.203.190,1080,socks5,5.149.203.190:1080,Russia,RU,Moscow,elite,6578.31,slow,True,2026-03-16 13:38:36 UTC,,TheSpeedX SOCKS5
47.238.128.246,8443,socks5,47.238.128.246:8443,Hong Kong,HK,Hong Kong,elite,6578.89,slow,True,2026-03-16 13:37:52 UTC,Alibaba Cloud - HK,TheSpeedX SOCKS5
47.238.60.156,9098,socks5,47.238.60.156:9098,Hong Kong,HK,Hong Kong,elite,6581.15,slow,True,2026-03-16 13:37:41 UTC,Alibaba Cloud - HK,TheSpeedX SOCKS5
47.108.159.113,8080,socks5,47.108.159.113:8080,China,CN,Chengdu,elite,6581.76,slow,True,2026-03-16 13:38:25 UTC,"Aliyun Computing Co., LTD",TheSpeedX SOCKS5
47.238.60.156,100,socks5,47.238.60.156:100,Hong Kong,HK,Hong Kong,elite,6584.4,slow,True,2026-03-16 13:37:52 UTC,Alibaba Cloud - HK,TheSpeedX SOCKS5
8.138.149.37,3128,socks5,8.138.149.37:3128,China,CN,Guangzhou,elite,6586.24,slow,True,2026-03-16 13:38:03 UTC,Alibaba.com LLC,TheSpeedX SOCKS5
8.213.195.191,9091,socks5,8.213.195.191:9091,Thailand,TH,Bangkok,elite,6586.77,slow,True,2026-03-16 13:37:41 UTC,Alibaba.com Singapore E-Commerce Private Limited,TheSpeedX SOCKS5
47.238.134.126,8080,socks5,47.238.134.126:8080,Hong Kong,HK,Hong Kong,elite,6590.21,slow,True,2026-03-16 13:38:36 UTC,Alibaba Cloud - HK,TheSpeedX SOCKS5
47.238.130.212,8004,socks5,47.238.130.212:8004,Hong Kong,HK,Hong Kong,elite,6591.4,slow,True,2026-03-16 13:37:41 UTC,Alibaba Cloud - HK,TheSpeedX SOCKS5
8.148.4.166,17947,socks5,8.148.4.166:17947,China,CN,Hangzhou,elite,6592.31,slow,True,2026-03-16 13:37:52 UTC,Alibaba.com LLC,TheSpeedX SOCKS5
8.213.134.213,6666,socks5,8.213.134.213:6666,South Korea,KR,Seoul,elite,6593.43,slow,True,2026-03-16 13:37:52 UTC,Alibaba.com Singapore E-Commerce Private Limited,TheSpeedX SOCKS5
8.213.197.208,31433,socks5,8.213.197.208:31433,Thailand,TH,Bangkok,elite,6593.74,slow,True,2026-03-16 13:37:41 UTC,Alibaba.com Singapore E-Commerce Private Limited,TheSpeedX SOCKS5
47.250.155.254,8081,socks5,47.250.155.254:8081,Malaysia,MY,Kuala Lumpur,elite,6594.56,slow,True,2026-03-16 13:37:41 UTC,Alibaba.com LLC,TheSpeedX SOCKS5
47.76.144.139,8443,socks5,47.76.144.139:8443,Hong Kong,HK,Hong Kong,elite,6596.63,slow,True,2026-03-16 13:38:14 UTC,Alibaba Cloud - HK,TheSpeedX SOCKS5
8.148.24.225,83,socks5,8.148.24.225:83,China,CN,Hangzhou,elite,6603.05,slow,True,2026-03-16 13:38:36 UTC,Alibaba.com LLC,TheSpeedX SOCKS5
8.213.195.191,100,socks5,8.213.195.191:100,Thailand,TH,Bangkok,elite,6603.14,slow,True,2026-03-16 13:37:41 UTC,Alibaba.com Singapore E-Commerce Private Limited,TheSpeedX SOCKS5
8.213.134.213,9080,socks5,8.213.134.213:9080,South Korea,KR,Seoul,elite,6605.68,slow,True,2026-03-16 13:38:03 UTC,Alibaba.com Singapore E-Commerce Private Limited,TheSpeedX SOCKS5
8.220.141.8,8047,socks5,8.220.141.8:8047,Philippines,PH,Manila,elite,6607.27,slow,True,2026-03-16 13:37:52 UTC,Alibaba.com Singapore E-Commerce Private Limited,TheSpeedX SOCKS5
47.119.22.156,9080,socks5,47.119.22.156:9080,China,CN,Shenzhen,elite,6610.64,slow,True,2026-03-16 13:37:52 UTC,"Aliyun Computing Co., LTD",TheSpeedX SOCKS5
8.213.215.187,5060,socks5,8.213.215.187:5060,Thailand,TH,Bangkok,elite,6611.35,slow,True,2026-03-16 13:37:41 UTC,Alibaba.com Singapore E-Commerce Private Limited,TheSpeedX SOCKS5
39.102.208.23,9080,socks5,39.102.208.23:9080,China,CN,Beijing,elite,6612.39,slow,True,2026-03-16 13:38:03 UTC,"Aliyun Computing Co., LTD",TheSpeedX SOCKS5
47.121.183.107,8081,socks5,47.121.183.107:8081,China,CN,Shenzhen,elite,6615.0,slow,True,2026-03-16 13:38:36 UTC,Alibaba.com LLC,TheSpeedX SOCKS5
47.76.144.139,4006,socks5,47.76.144.139:4006,Hong Kong,HK,Hong Kong,elite,6618.15,slow,True,2026-03-16 13:38:03 UTC,Alibaba Cloud - HK,TheSpeedX SOCKS5
8.148.23.165,1234,socks5,8.148.23.165:1234,China,CN,Hangzhou,elite,6619.17,slow,True,2026-03-16 13:38:47 UTC,Alibaba.com LLC,TheSpeedX SOCKS5
8.213.222.157,8080,socks5,8.213.222.157:8080,Thailand,TH,Bangkok,elite,6629.1,slow,True,2026-03-16 13:37:52 UTC,Alibaba.com Singapore E-Commerce Private Limited,TheSpeedX SOCKS5
47.104.27.165,8080,socks5,47.104.27.165:8080,China,CN,Qingdao,elite,6629.81,slow,True,2026-03-16 13:37:41 UTC,"Aliyun Computing Co., LTD",TheSpeedX SOCKS5
8.220.204.92,4145,socks5,8.220.204.92:4145,South Korea,KR,Seoul,elite,6632.07,slow,True,2026-03-16 13:37:41 UTC,Alibaba.com Singapore E-Commerce Private Limited,TheSpeedX SOCKS5
8.138.131.110,8080,socks5,8.138.131.110:8080,China,CN,Guangzhou,elite,6635.98,slow,True,2026-03-16 13:38:03 UTC,Alibaba.com LLC,TheSpeedX SOCKS5
206.123.156.203,12009,socks5,206.123.156.203:12009,United Kingdom,GB,City of London,elite,6641.1,slow,True,2026-03-16 13:38:58 UTC,Secure Internet LLC,MoNoSplit SOCKS5
8.220.204.92,18080,socks5,8.220.204.92:18080,South Korea,KR,Seoul,elite,6643.06,slow,True,2026-03-16 13:37:52 UTC,Alibaba.com Singapore E-Commerce Private Limited,TheSpeedX SOCKS5
120.25.189.254,8080,socks5,120.25.189.254:8080,China,CN,Shenzhen,elite,6648.14,slow,True,2026-03-16 13:38:03 UTC,Alibaba.com LLC,TheSpeedX SOCKS5
8.148.24.225,30005,socks5,8.148.24.225:30005,China,CN,Hangzhou,elite,6649.03,slow,True,2026-03-16 13:38:36 UTC,Alibaba.com LLC,TheSpeedX SOCKS5
39.102.214.208,9999,socks5,39.102.214.208:9999,China,CN,Beijing,elite,6649.95,slow,True,2026-03-16 13:38:03 UTC,"Aliyun Computing Co., LTD",TheSpeedX SOCKS5
8.213.222.157,3129,socks5,8.213.222.157:3129,Thailand,TH,Bangkok,elite,6650.88,slow,True,2026-03-16 13:37:52 UTC,Alibaba.com Singapore E-Commerce Private Limited,TheSpeedX SOCKS5
8.130.90.177,3128,socks5,8.130.90.177:3128,China,CN,Beijing,elite,6657.0,slow,True,2026-03-16 13:38:36 UTC,Alibaba.com LLC,TheSpeedX SOCKS5
47.104.198.111,8008,socks5,47.104.198.111:8008,China,CN,Qingdao,elite,6660.22,slow,True,2026-03-16 13:38:25 UTC,"Aliyun Computing Co., LTD",TheSpeedX SOCKS5
47.250.11.111,8181,socks5,47.250.11.111:8181,Malaysia,MY,Kuala Lumpur,elite,6664.11,slow,True,2026-03-16 13:38:03 UTC,Alibaba Cloud - MY,TheSpeedX SOCKS5
8.213.197.208,808,socks5,8.213.197.208:808,Thailand,TH,Bangkok,elite,6665.98,slow,True,2026-03-16 13:38:03 UTC,Alibaba.com Singapore E-Commerce Private Limited,TheSpeedX SOCKS5
8.213.197.208,8080,socks5,8.213.197.208:8080,Thailand,TH,Bangkok,elite,6669.45,slow,True,2026-03-16 13:37:41 UTC,Alibaba.com Singapore E-Commerce Private Limited,TheSpeedX SOCKS5
8.213.215.187,3128,socks5,8.213.215.187:3128,Thailand,TH,Bangkok,elite,6670.36,slow,True,2026-03-16 13:37:41 UTC,Alibaba.com Singapore E-Commerce Private Limited,TheSpeedX SOCKS5
8.213.222.157,1080,socks5,8.213.222.157:1080,Thailand,TH,Bangkok,elite,6679.4,slow,True,2026-03-16 13:37:52 UTC,Alibaba.com Singapore E-Commerce Private Limited,TheSpeedX SOCKS5
47.119.164.33,80,socks5,47.119.164.33:80,China,CN,Shenzhen,elite,6681.77,slow,True,2026-03-16 13:38:14 UTC,"Aliyun Computing Co., LTD",TheSpeedX SOCKS5
8.215.15.163,5060,socks5,8.215.15.163:5060,Indonesia,ID,Jakarta,elite,6683.58,slow,True,2026-03-16 13:38:14 UTC,Alibaba.com Singapore E-Commerce Private Limited,TheSpeedX SOCKS5
47.121.129.129,6666,socks5,47.121.129.129:6666,China,CN,Shenzhen,elite,6685.31,slow,True,2026-03-16 13:38:25 UTC,Alibaba.com LLC,TheSpeedX SOCKS5
8.213.222.247,6379,socks5,8.213.222.247:6379,Thailand,TH,Bangkok,elite,6685.36,slow,True,2026-03-16 13:38:03 UTC,Alibaba.com Singapore E-Commerce Private Limited,TheSpeedX SOCKS5
39.102.214.152,10002,socks5,39.102.214.152:10002,China,CN,Beijing,elite,6693.7,slow,True,2026-03-16 13:38:03 UTC,"Aliyun Computing Co., LTD",TheSpeedX SOCKS5
8.148.24.225,3128,socks5,8.148.24.225:3128,China,CN,Hangzhou,elite,6699.45,slow,True,2026-03-16 13:38:36 UTC,Alibaba.com LLC,TheSpeedX SOCKS5
47.250.159.65,9098,socks5,47.250.159.65:9098,Malaysia,MY,Kuala Lumpur,elite,6700.6,slow,True,2026-03-16 13:37:52 UTC,Alibaba.com LLC,TheSpeedX SOCKS5
121.43.109.88,80,socks5,121.43.109.88:80,China,CN,Hangzhou,elite,6700.67,slow,True,2026-03-16 13:38:03 UTC,Alibaba.com LLC,TheSpeedX SOCKS5
8.215.15.163,6379,socks5,8.215.15.163:6379,Indonesia,ID,Jakarta,elite,6702.43,slow,True,2026-03-16 13:38:03 UTC,Alibaba.com Singapore E-Commerce Private Limited,TheSpeedX SOCKS5
47.105.122.72,8080,socks5,47.105.122.72:8080,China,CN,Qingdao,elite,6712.13,slow,True,2026-03-16 13:37:52 UTC,"Aliyun Computing Co., LTD",TheSpeedX SOCKS5
8.213.195.191,90,socks5,8.213.195.191:90,Thailand,TH,Bangkok,elite,6712.65,slow,True,2026-03-16 13:38:14 UTC,Alibaba.com Singapore E-Commerce Private Limited,TheSpeedX SOCKS5
8.146.200.53,8008,socks5,8.146.200.53:8008,China,CN,Beijing,elite,6721.54,slow,True,2026-03-16 13:38:25 UTC,Alibaba.com LLC,TheSpeedX SOCKS5
8.134.149.133,3128,socks5,8.134.149.133:3128,China,CN,Guangzhou,elite,6735.73,slow,True,2026-03-16 13:37:52 UTC,Alibaba.com LLC,TheSpeedX SOCKS5
120.25.189.254,100,socks5,120.25.189.254:100,China,CN,Shenzhen,elite,6735.9,slow,True,2026-03-16 13:38:47 UTC,Alibaba.com LLC,TheSpeedX SOCKS5
47.92.219.102,8888,socks5,47.92.219.102:8888,China,CN,Beijing,elite,6738.17,slow,True,2026-03-16 13:38:36 UTC,"Aliyun Computing Co., LTD",TheSpeedX SOCKS5
8.148.4.166,9080,socks5,8.148.4.166:9080,China,CN,Hangzhou,elite,6740.42,slow,True,2026-03-16 13:38:47 UTC,Alibaba.com LLC,TheSpeedX SOCKS5
47.99.112.148,9098,socks5,47.99.112.148:9098,China,CN,Hangzhou,elite,6741.15,slow,True,2026-03-16 13:37:41 UTC,"Aliyun Computing Co., LTD",TheSpeedX SOCKS5
39.104.69.76,9098,socks5,39.104.69.76:9098,China,CN,Beijing,elite,6742.72,slow,True,2026-03-16 13:37:41 UTC,"Aliyun Computing Co., LTD",TheSpeedX SOCKS5
8.138.149.37,8443,socks5,8.138.149.37:8443,China,CN,Guangzhou,elite,6744.75,slow,True,2026-03-16 13:37:52 UTC,Alibaba.com LLC,TheSpeedX SOCKS5
8.130.37.235,1081,socks5,8.130.37.235:1081,China,CN,Beijing,elite,6747.87,slow,True,2026-03-16 13:38:03 UTC,Alibaba.com LLC,TheSpeedX SOCKS5
8.213.215.187,10000,socks5,8.213.215.187:10000,Thailand,TH,Bangkok,elite,6774.6,slow,True,2026-03-16 13:37:52 UTC,Alibaba.com Singapore E-Commerce Private Limited,TheSpeedX SOCKS5
206.123.156.190,6044,socks5,206.123.156.190:6044,United Kingdom,GB,City of London,elite,6973.89,slow,True,2026-03-16 13:38:58 UTC,Secure Internet LLC,MoNoSplit SOCKS5
8.211.200.183,2019,socks5,8.211.200.183:2019,United Kingdom,GB,London,elite,6991.18,slow,True,2026-03-16 13:38:03 UTC,Alibaba.com Singapore E-Commerce Private Limited,TheSpeedX SOCKS5
8.137.62.53,8081,socks5,8.137.62.53:8081,China,CN,Chengdu,elite,6997.83,slow,True,2026-03-16 13:38:03 UTC,Alibaba.com LLC,TheSpeedX SOCKS5
47.76.144.139,8081,socks5,47.76.144.139:8081,Hong Kong,HK,Hong Kong,elite,7001.25,slow,True,2026-03-16 13:37:42 UTC,Alibaba Cloud - HK,TheSpeedX SOCKS5
8.130.71.75,8008,socks5,8.130.71.75:8008,China,CN,Beijing,elite,7026.32,slow,True,2026-03-16 13:38:25 UTC,Alibaba.com LLC,TheSpeedX SOCKS5
8.213.128.6,5000,socks5,8.213.128.6:5000,South Korea,KR,Seoul,elite,7058.37,slow,True,2026-03-16 13:37:52 UTC,Alibaba.com Singapore E-Commerce Private Limited,TheSpeedX SOCKS5
47.251.87.199,3128,socks5,47.251.87.199:3128,United States,US,Minkler,elite,7260.02,slow,True,2026-03-16 13:38:26 UTC,Alibaba Cloud - US,TheSpeedX SOCKS5
123.54.197.52,20873,socks5,123.54.197.52:20873,China,CN,Guancheng,elite,7260.49,slow,True,2026-03-16 13:38:59 UTC,,HookZOf SOCKS5
8.211.194.85,18080,socks5,8.211.194.85:18080,United Kingdom,GB,London,elite,7261.05,slow,True,2026-03-16 13:38:04 UTC,Alibaba.com Singapore E-Commerce Private Limited,TheSpeedX SOCKS5
8.211.42.167,5060,socks5,8.211.42.167:5060,Germany,DE,Frankfurt am Main,elite,7295.04,slow,True,2026-03-16 13:37:42 UTC,Alibaba.com Singapore E-Commerce Private Limited,TheSpeedX SOCKS5
8.211.194.85,1080,socks5,8.211.194.85:1080,United Kingdom,GB,London,elite,7298.54,slow,True,2026-03-16 13:38:04 UTC,Alibaba.com Singapore E-Commerce Private Limited,TheSpeedX SOCKS5
47.254.153.78,8024,socks5,47.254.153.78:8024,Germany,DE,Frankfurt am Main,elite,7340.8,slow,True,2026-03-16 13:37:42 UTC,Alibaba Cloud - DE,TheSpeedX SOCKS5
49.0.252.39,1000,socks5,49.0.252.39:1000,Hong Kong,HK,Hong Kong,elite,7526.27,slow,True,2026-03-16 13:38:59 UTC,,TheSpeedX SOCKS5
47.113.219.226,9090,socks5,47.113.219.226:9090,China,CN,Shenzhen,elite,7596.34,slow,True,2026-03-16 13:37:42 UTC,"Aliyun Computing Co., LTD",TheSpeedX SOCKS5
184.95.235.194,1080,socks5,184.95.235.194:1080,Canada,CA,Montreal,elite,7609.88,slow,True,2026-03-16 13:38:26 UTC,Videotron Ltee,TheSpeedX SOCKS5
8.210.17.35,80,socks5,8.210.17.35:80,Hong Kong,HK,Hong Kong,elite,7645.58,slow,True,2026-03-16 13:37:42 UTC,Hong Kong,TheSpeedX SOCKS5
8.213.222.247,77,socks5,8.213.222.247:77,Thailand,TH,Bangkok,elite,7798.66,slow,True,2026-03-16 13:38:26 UTC,Alibaba.com Singapore E-Commerce Private Limited,TheSpeedX SOCKS5
8.215.12.103,8085,socks5,8.215.12.103:8085,Indonesia,ID,Jakarta,elite,7838.23,slow,True,2026-03-16 13:38:04 UTC,Alibaba.com Singapore E-Commerce Private Limited,TheSpeedX SOCKS5
47.238.134.126,5060,socks5,47.238.134.126:5060,Hong Kong,HK,Hong Kong,elite,7917.78,slow,True,2026-03-16 13:38:15 UTC,Alibaba Cloud - HK,TheSpeedX SOCKS5
8.211.195.139,18080,socks5,8.211.195.139:18080,United Kingdom,GB,London,elite,8047.82,slow,True,2026-03-16 13:37:53 UTC,Alibaba.com Singapore E-Commerce Private Limited,TheSpeedX SOCKS5
8.210.17.35,8445,socks5,8.210.17.35:8445,Hong Kong,HK,Hong Kong,elite,8088.57,slow,True,2026-03-16 13:38:15 UTC,Hong Kong,TheSpeedX SOCKS5
8.211.194.78,138,socks5,8.211.194.78:138,United Kingdom,GB,London,elite,8089.74,slow,True,2026-03-16 13:37:53 UTC,Alibaba.com Singapore E-Commerce Private Limited,TheSpeedX SOCKS5
206.123.156.191,36247,socks5,206.123.156.191:36247,United Kingdom,GB,City of London,elite,8257.99,slow,True,2026-03-16 13:39:00 UTC,Secure Internet LLC,MoNoSplit SOCKS5
8.212.168.170,9098,socks5,8.212.168.170:9098,Philippines,PH,Manila,elite,8403.55,slow,True,2026-03-16 13:38:38 UTC,Alibaba.com Singapore E-Commerce Private Limited,TheSpeedX SOCKS5
213.165.58.8,1080,socks5,213.165.58.8:1080,Finland,FI,Helsinki,elite,8435.1,slow,True,2026-03-16 13:39:00 UTC,WAIcore Ltd,HookZOf SOCKS5
8.215.3.250,18080,socks5,8.215.3.250:18080,Indonesia,ID,Jakarta,elite,8679.73,slow,True,2026-03-16 13:37:44 UTC,Alibaba.com Singapore E-Commerce Private Limited,TheSpeedX SOCKS5
149.129.255.179,5060,socks5,149.129.255.179:5060,Indonesia,ID,Jakarta,elite,8684.24,slow,True,2026-03-16 13:37:54 UTC,,TheSpeedX SOCKS5
194.233.68.54,1088,socks5,194.233.68.54:1088,Singapore,SG,Singapore,elite,8691.39,slow,True,2026-03-16 13:39:00 UTC,Contabo Asia Private Limited,MoNoSplit SOCKS5
123.54.197.53,22286,socks5,123.54.197.53:22286,China,CN,Guancheng,elite,9500.48,slow,True,2026-03-16 13:39:01 UTC,,HookZOf SOCKS5
104.219.236.127,1080,socks5,104.219.236.127:1080,United States,US,Buffalo,elite,10637.32,slow,True,2026-03-16 13:39:02 UTC,DataWagon LLC,HookZOf SOCKS5
52.233.95.147,1080,socks5,52.233.95.147:1080,United States,US,Quincy,elite,10698.36,slow,True,2026-03-16 13:38:18 UTC,Microsoft Azure Cloud (westus2),TheSpeedX SOCKS5
206.123.156.215,4846,socks5,206.123.156.215:4846,United Kingdom,GB,City of London,elite,10711.05,slow,True,2026-03-16 13:39:02 UTC,Secure Internet LLC,MoNoSplit SOCKS5
